PrimerID,Sequence
3LR_O001_F,TGGTTTCCCACAGAGAAGCC
3LR_O001_R,CCCCACTACAGACATAGCGG
3LR_O002_F,GTCACTGGTGGGAGTTGAGG
3LR_O002_R,cggggtccaatcaatcctcc
3LR_O003_F,GAGAGATCTGTCCAGGCTGC
3LR_O003_R,AGTCGAATCCCCTTTGCTGG
3LR_O004_F,TCCAAGAGTCCACACCAAGC
3LR_O004_R,CTACATCCCCATTCCCTCGC
3LR_O005_F,ttggggatcatggttcgtgg
3LR_O005_R,gaccattcctgagctctggg
3LR_O006_F,AAGAGAGCTGTGTGATGGCC
3LR_O006_R,CAGAAGGAGGGTgcttgagg
3LR_O007_F,AATGGCTAAGACACTGgggc
3LR_O007_R,CACTCTTTGCCCTGGAGAGG
3LR_O008_F,AAAAGGTGGCTCATACGGGG
3LR_O008_R,ATGCCCCATCCATAAGCAGG
3LR_O009_F,GTAGAGTGTGGCCTGTGTCC
3LR_O009_R,ttcatgtctgctgctcaggg
3LR_O010_F,GCTGGTGCTGTTTTcactgg
3LR_O010_R,AATGGCAGGAGAAGGAAGGC
3LR_O011_F,TGCTTCCCACTCCCATTTCC
3LR_O011_R,TAAGGGAcagaggaggtggg
3LR_O012_F,CTAACATGGGCCAGGCTACC
3LR_O012_R,gagctctttgtgttgccagc
3LR_O013_F,tcatggagaggaccctgagg
3LR_O013_R,gtgagactataggtgcgggc
3LR_O014_F,AAGTGCTGAAAATCGCTGCG
3LR_O014_R,ATAGTCCACAAGGCCAAGGC
3LR_O015_F,AACGCCAGTAAGACAGTGGG
3LR_O015_R,GGATGAGGCATGTCAGACCC
3LR_O016_F,AAGCAGCTTGGTGTAGTGGG
3LR_O016_R,GAATCCAGAGCACCCTTCCC
3LR_O017_F,GTGTagtgaggtgggaaggc
3LR_O017_R,TTCCTCCACGTGACTTCAGC
3LR_O018_F,TAGAGGGTGAGAAGAGGCCC
3LR_O018_R,TTTCGAGGTCACTCACGTGG
3LR_O019_F,GATGGGCCATGCAAATGACC
3LR_O019_R,cTTATCACTGTGCCCAGGGG
3LR_O020_F,TGCTTCTGAGGTCTGCATGG
3LR_O020_R,GGGAGGTTTGAAGGGATGGG
3LR_O021_F,ctgtaccaaagtccccaccc
3LR_O021_R,GAGGACCCTGTATGTGCTGC
3LR_O022_F,TGTCTGCAGCCCTTAATCCG
3LR_O022_R,GTGTGACTCAGGACACAGGG
3LR_O023_F,CTCCTTCTCCACAGCTGACC
3LR_O023_R,ACTTGGAACAGCCTCTCAGC
3LR_O024_F,tttacgtggtgctcactccc
3LR_O024_R,CTTTGCTGGTGGAAACTGCC
3LR_O025_F,AGAATCAGCGGGAACAGTGG
3LR_O025_R,CCGTACTGTGTGGAGTAGCC
3LR_O026_F,tctcagggagagccagatcc
3LR_O026_R,AAGCACACTGTCCCATCTGG
3LR_O027_F,tgttcctccatcccacatgc
3LR_O027_R,GTAGGCGACGTATTCCTGGG
3LR_O028_F,AGCTGGAGGGACTTAGAGGG
3LR_O028_R,CATGGGGCAGCAGGTATAGG
3LR_O029_F,ACGTTCAGTCACACGAGAGC
3LR_O029_R,GACCATGAACTCCTGAGCCC
3LR_O030_F,CTAGCTACCGCCTCACAACC
3LR_O030_R,aatcggatgttctggccagg
3LR_O031_F,TCAGCCGTGTACAGTGTACG
3LR_O031_R,CCCATCCTTGGACACTTCCC
3LR_O032_F,CTGAGGCAATGGAGAGTGGG
3LR_O032_R,tgaggtcttccagtgttggc
3LR_O033_F,TAGCAGCTAACGCCTGAACC
3LR_O033_R,AGGTATCGTGGTTTTCGGGG
3LR_O034_F,CAGCCTGGAGAGTTGAGTGG
3LR_O034_R,CATCAGCATCCACCTCCTCC
3LR_O035_F,GTTGTAGTCTCCCCAGCACC
3LR_O035_R,AGACAGAACAGAAGCCAGGC
3LR_O036_F,gctcacctGTCCTTCACTGC
3LR_O036_R,AAACCAAAACACGGATGCCC
3LR_O037_F,CGCTCTGTGATGGTATCCCC
3LR_O037_R,TGACAATCCTTGCTGCTGGG
3LR_O038_F,ttccaacatcacctgcctcc
3LR_O038_R,aagggagaagaggccaatgc
3LR_O039_F,TGAGGGACTTATGCTGGTGC
3LR_O039_R,GCACCACCTTTGCTTTCAGG
3LR_O040_F,aaatcccctcctgcttctgc
3LR_O040_R,agggtttcttctgcctctgc
3LR_O041_F,agctgacaatgattccgggg
3LR_O041_R,ttccccagtgcacacttacc
3LR_O042_F,atctcagccttgcacttccc
3LR_O042_R,caggtttacagggaggctgg
3LR_O043_F,CTCTTTGGTCTGCATGCAGC
3LR_O043_R,taggcctttcaccttctgcc
3LR_O044_F,ACGAGCTTGTGACATCCAGG
3LR_O044_R,AATGACAGGCAGAACTGGGG
3LR_O045_F,accactagccccttcctagg
3LR_O045_R,TAGAGGTGGGAGTCTGGAGC
3LR_O046_F,GAGCTCCCACAGACCTTTCC
3LR_O046_R,ctggatcctgcagtccaagg
3LR_O047_F,aatgggtgccagtgaatccc
3LR_O047_R,aaggcggtttcatcGGTAGG
3LR_O048_F,ATGTTCCACTGGCACCTACG
3LR_O048_R,CAGGGAGTGCTGGAATCAGG
3LR_O049_F,agctaaggccacacacttcc
3LR_O049_R,TGTTACAACTGAGGCCGTCC
3LR_O050_F,TTTCAAAGAAACCAGCGCGG
3LR_O050_R,TGCATCTCATCCCACAACCC
3LR_O051_F,AGGGTCTCAGTCCTGATCCC
3LR_O051_R,TTGTggctctggaatcaccc
3LR_O052_F,gtgtggaatccagggaaggg
3LR_O052_R,ttggcatgtgtggggtatcc
3LR_O053_F,AAGGTGGGATTCTCCAAGCG
3LR_O053_R,CCACACCTCCTCTTCAACCC
3LR_O054_F,tctcttgcccacgtttctcc
3LR_O054_R,CTCACACAGGAGCTCACTGG
3LR_O055_F,TCTGAATGTCCATGTGCCCC
3LR_O055_R,TGCCTGGAAAGTTGGGAAgg
3LR_O056_F,ATCCATCACTAGTGCCAGCG
3LR_O056_R,AGTGTGTCCAGGTCGTTTCC
3LR_O057_F,ATTGGTGGAAGCCCCTTACG
3LR_O057_R,ACTGCCCATGGTAAAGAGCC
3LR_O058_F,ATGAGGGTGAGGCAGTTTGG
3LR_O058_R,CAAGCCTTGTGATGTCCACC
3LR_O059_F,ttggaggaggggtctgtagg
3LR_O059_R,CCTTTAGGGCAGTGACTGGG
3LR_O060_F,ACAAGAGTCAGACCTGCTGC
3LR_O060_R,ATGGTCTCCTGTGCTGAAGC
3LR_O061_F,CGCAATTCtgtctgtgtgcc
3LR_O061_R,AGGCTCCTGGAAATGTCAGC
3LR_O062_F,ATCCTCCAGCCAAGACTTGC
3LR_O062_R,tggcagcagaagagaatggg
3LR_O063_F,ATAGTCAGCATCGGCAGTGG
3LR_O063_R,GATGATTGCTAGAGGGGCCC
3LR_O064_F,AATACAGGGTTACCGTGGCG
3LR_O064_R,aggaggtttgatggcatggg
3LR_O065_F,CTTCCTGCCAGACTCCAAGG
3LR_O065_R,gttggtgctcctgtagtccc
3LR_O066_F,CCTTAAGCCCTGGGGAAAGG
3LR_O066_R,GGACCCCAGCTTAGAAACCC
3LR_O067_F,GAAACGTGTTTCCCTTGGGC
3LR_O067_R,gctctatgggtcctcttcgc
3LR_O068_F,CAGGGTCTTGTGATGTCCCC
3LR_O068_R,CCTGGGTGTCAATTCCCTCC
3LR_O069_F,caagatgagccccacagagg
3LR_O069_R,GGGTGACAAAAGCTTGCTGG
3LR_O070_F,tgaaggcctcgcaatcatgg
3LR_O070_R,ATCCAGGGCCATTTCACAGG
3LR_O071_F,CCCATCTCACACTCTTCCCG
3LR_O071_R,GTCAGGTACGGGAACTTGGG
3LR_O072_F,gtctcactgtcgtgaccagg
3LR_O072_R,cacgaaccaatgcactctgc
3LR_DR001_F,GAATGTGTGGAGGAGGGAGC
3LR_DR001_R,cccttaagctcaggtggtcg
3LR_DR002_F,TGTTGCCAGCTCTGACTTCC
3LR_DR002_R,aaccctgaggcaagcttacc
3LR_DR003_F,tccttagctcactgcacagc
3LR_DR003_R,CTTACCCCTTTGTCCAGGCC
3LR_DR004_F,AGAATGGAAATGGGCTGGGG
3LR_DR004_R,GGGCCTCAGTACAAGGaacc
3LR_DR005_F,TGAGATCAGACCAGGAGGGG
3LR_DR005_R,GTGTCGACATGCTTGGATGC
3LR_DR006_F,TGTGCTCATGCTTTGGTTGC
3LR_DR006_R,ATTGGCCATACCCTGAAGCC
3LR_DR007_F,gaggaaagggttagccgagg
3LR_DR007_R,AGCGTTGAGACCAAGGTACG
3LR_DR008_F,TGGTGAAGTCGTTAAGGgcc
3LR_DR008_R,GACCCAGGAGAGCTCAAACC
3LR_DR009_F,GGGAGACTCCAGGCAATTCC
3LR_DR009_R,TTCCGATGGAGCAATGGAGG
3LR_DR010_F,AATCTGGGGCTAACTTGGGC
3LR_DR010_R,CACCCCAGAGTATGCATCCC
3LR_DR011_F,CACCAGACTCCAAAGTGGGG
3LR_DR011_R,ACTTCAGACAAGCCCCAAGG
3LR_DR012_F,TGTTGGTGGGAAGGAATGGG
3LR_DR012_R,TGCAGTTTTACGCCGAATGC
3LR_DR013_F,AGAATGCACCCTACTTGCCC
3LR_DR013_R,tgcgtatgtgtttgtgtgcg
3LR_DR014_F,TCACTGTTTGGGGATCGTCC
3LR_DR014_R,TAGGTCCTGTCGTCCACTCC
3LR_DR015_F,GGCATCGTGAACTGAAACCG
3LR_DR015_R,gaggctcttatggggaagcc
3LR_DR016_F,agcttgaaattgtcgctgcc
3LR_DR016_R,taacttgctgggctccttgg
3LR_DR017_F,ATTGGGACGGGGAAATCACC
3LR_DR017_R,tggctggagtgcaatagtgg
3LR_DR018_F,GGGCCTGCATCTTTTGTTGG
3LR_DR018_R,TGTTGGCCAAGTTCAGGAGG
3LR_DR019_F,ACCTACAGCACATGCAGTCC
3LR_DR019_R,TCCATCCCACTACCTCCTGG
3LR_DR020_F,TGACCTTCTACACACGTGGC
3LR_DR020_R,CACAGACCCACTCCAACTCC
3LR_DR021_F,TGTGAGTACTTGCTGCCAGG
3LR_DR021_R,gggctTCGCTCTATTCTCCC
3LR_DR022_F,catgtcctatcacccagccc
3LR_DR022_R,gggcattagactgaggaggc
3LR_DR023_F,ttcccaaaacccaggaaccc
3LR_DR023_R,tgaccacaagtgatacgccc
3LR_DR024_F,CTGCAAATATGTGGCGTGGG
3LR_DR024_R,AGGCTGTATTGTCCCAGTGc
3LR_DR025_F,GACTCTACACTTGTGGGCCC
3LR_DR025_R,gctcagcaggttcaaaagcc
3LR_DR026_F,CCATAAGTCACTGGACCCGG
3LR_DR026_R,ttccaacctctgggaactgc
3LR_DR027_F,aggtctttctcctggcttgc
3LR_DR027_R,CTCTTCTGCCAGACCAAGGG
3LR_DR028_F,ggaggctgagattctgaggc
3LR_DR028_R,CCAGGCTTTAGGGAAGGTGG
3LR_DR029_F,ACCAGCTGCTGAAGAGAACC
3LR_DR029_R,GACCCTGAGCAAGAGTGACC
3LR_DR030_F,ctgccctgaatgaccttccc
3LR_DR030_R,ACTGCTGTGTCCATCCAAGG
3LR_DR031_F,tctccacaacccaaagagcc
3LR_DR031_R,ctcctgttttggcatgtggc
3LR_DR032_F,CAAATTCCAGCAGCATCCGG
3LR_DR032_R,ATAAACACTGCCCAGGAGCC
3LR_DR033_F,TCCCCACTCCTCAGTATGGG
3LR_DR033_R,tgcctcaccGGAATTCTTCC
3LR_DR034_F,ATCTGCCCATCGTTGAGTCC
3LR_DR034_R,cttggtggatctgaggcagg
3LR_DR035_F,ATGCTCATCTGAGTGGCTCG
3LR_DR035_R,AGTTTCAGAGAGGCTGGTGC
3LR_DR036_F,TATTGGGAGGGGTGAGAGGG
3LR_DR036_R,actgcacctgtagaaccacg
3LR_DR037_F,TGAGCTGTCTGGCAAACTCC
3LR_DR037_R,GCTGGAAGATGGGAGAGAGC
3LR_DR038_F,cactaaccccacccagaagc
3LR_DR038_R,aaggagcaggtgtcatgtgg
3LR_DR039_F,GCCAGGGCTTTAGAGTCTCC
3LR_DR039_R,GAGCTGCGAAGAGAGAGAGG
3LR_DR040_F,TTCTAGGAGGAGGCAGGTCC
3LR_DR040_R,CATCTACTTggagcctggcc
3LR_DR041_F,ctgcttcctctctctgGTGC
3LR_DR041_R,GCTGCCATCGTCATCAATGG
3LR_DR042_F,CCATCCACTCCTATTCCGCC
3LR_DR042_R,aaGACTCCtgagcacagtgc
3LR_DR043_F,CCCTCCATACATGCCATCCC
3LR_DR043_R,AGACTCTTCCCTGTCCCTCC
3LR_DR044_F,TTACTGGTCTTTCCACCGGC
3LR_DR044_R,CTGACTTAGGGCCACCATGG
3LR_DR045_F,AGAGGGTTGAAGATGGCAGC
3LR_DR045_R,TGGAAGTCCTCATCAACGCC
3LR_DR046_F,CTGTGTAGGAAGGTGGCTGG
3LR_DR046_R,ATTGCCATCACATCCAGGGG
3LR_DR047_F,TGTCAGGACTTCGCATtccc
3LR_DR047_R,AATCAGAGCGAAAGGGGTGG
3LR_DR048_F,CATGATCCCCACCAGTGTCC
3LR_DR048_R,ATCCCTGTTCCTCTGCTTGC
3LR_DR049_F,tctgcaggccagtgtaatgg
3LR_DR049_R,ACCCTGCACAGTCTCAaacc
3LR_DR050_F,tctcaccttggcctcatAGC
3LR_DR050_R,tgggagtgtagaggaagggg
3LR_DR051_F,cgtggagaaacaatggcagc
3LR_DR051_R,TGCTTGCAGCCTTCTACTCC
3LR_DR052_F,GCAAACACAGCTGCTTCTCC
3LR_DR052_R,aatgctCAGGCCTCAGTTCC
3LR_DR053_F,acatgctgtaggacaagccc
3LR_DR053_R,aaggcACCGTAGAGTTCTGC
3LR_DR054_F,aacaggacaatgggcagagg
3LR_DR054_R,CTAGTGCTTGAGGCTCCTGG
3LR_DR055_F,GACTTGTGGGGTCATGGAGG
3LR_DR055_R,agctggagagaggagaaggg
3LR_DR056_F,ATGGAGCAGGTTTCGGAAGG
3LR_DR056_R,GCCACTCTTTCTCAGGACCC
3LR_DR057_F,Gcagtggttcctaactgggg
3LR_DR057_R,CAGGTCTCATAGCCTGCAGG
3LR_DR058_F,agaactttgcgctgctttgg
3LR_DR058_R,gatgtgactctcctgggtgc
3LR_DR059_F,TGATCCAAGGCCATTGTCCC
3LR_DR059_R,GTGGTTTGTGGCAGTTGTGG
3LR_DR060_F,TCACCTGGACAACGTGAAGG
3LR_DR060_R,GTTCTACCCAGCACCAGTCC
3LR_DR061_F,gcttaagctcagggaggtcg
3LR_DR061_R,TGTTCTGGAGCAGGTTGTCC
3LR_DR062_F,acagggtcatcagcacatgg
3LR_DR062_R,GAGTTGGAAAGAGGGGTGGG
3LR_DR063_F,tgttctcacacacaagggcc
3LR_DR063_R,AGGCCTTATGTGAAGGTGCC
3LR_DR064_F,agcagtaCACACAGTGGAGC
3LR_DR064_R,CAAGATGAACAGTGCAGCCG
3LR_DR065_F,gcttctctctcttggctggg
3LR_DR065_R,ctgacaacttttgcagggcc
3LR_DR066_F,AGCAAGGCAACACATTGAGC
3LR_DR066_R,GCTCCTGTACAGTCAGAGCC
3LR_DR067_F,TTGTGTCTTCTGTCGCCTCC
3LR_DR067_R,TCAGCCCTCCTGTCTCTACC
3LR_DR068_F,tgctcacttgcttctcaggg
3LR_DR068_R,CAGAAAAGGCAGCCAGAAGC
3LR_DR069_F,ctgaggacacccagagttgg
3LR_DR069_R,TCAAATGCCTCGAACTCCCG
3LR_DR070_F,GTATCAGAcgaaggcagggg
3LR_DR070_R,TTCATCAGCTGGCAAAACGC
3LR_DR071_F,tccccttcgAGGTATTTGCG
3LR_DR071_R,GGCCTTAGAGCAGACAAGGG
3LR_DR072_F,GGCCAGACATCAGAGATGGG
3LR_DR072_R,AGACTGATGTGGAAGGCAGC
3LR_DR073_F,ATGTTGAAGAGAGGCCAGCC
3LR_DR073_R,GGATGGGAGGAAACtgtggg
3LR_DR074_F,GAAGAGTGACTGTCCTGGGC
3LR_DR074_R,TGAGCAGTAGCATGGTGTGG
3LR_DR075_F,aatatctgtggttgggcccg
3LR_DR075_R,AGCAAAGTGGCTTCCTCAGG
3LR_DR076_F,ccctctcatcacatggctgg
3LR_DR076_R,ACCTCTCATGTCCCTCCTCC
3LR_DR077_F,AGAGAAAGAGACGTGGCTGC
3LR_DR077_R,CTCGGTGAAGAGGTCAGAGC
3LR_DR078_F,CTCCTCGGTCTGTGAAACCC
3LR_DR078_R,CAGCTTCCTCTCTGGTCAGC
3LR_DR079_F,AAGTCACTGTGTGGCCTTCC
3LR_DR079_R,tggatgatcttgggtgtgcc
3LR_DR080_F,GTCCTCAGAGTGTGTGGTCG
3LR_DR080_R,CACCTGCTCTCCAGAGTTGG
3LR_B001_F,AAACGGGAAGAGAGAGCTGC
3LR_B001_R,GAGTCTTGACCCCTGTGTCG
3LR_B002_F,TGCAACTTCTCTGGGCTAGC
3LR_B002_R,cacagatcctTCCAGGCAGG
3LR_B003_F,aaggtcacacaaccactccg
3LR_B003_R,caCCTTCGGGACACCTTACC
3LR_B004_F,tacaccaacacccacacacc
3LR_B004_R,GATTTCAGGAGGTCCCAGCC
3LR_B005_F,cagaagagggagggcaaagg
3LR_B005_R,gtcatgcggtagagggatgg
3LR_B006_F,TTCGAGAACCCTGGACTTGC
3LR_B006_R,caggatgcacccagatctcc
3LR_B007_F,GGGGAGTTAGGTTCTGGTGC
3LR_B007_R,aaatggggaaaacagcgtgc
3LR_B008_F,agagaaggaggtaggcaggg
3LR_B008_R,GCTTCTCCTGTCTCGCTACC
3LR_B009_F,AGGGTCTGCGTGTTAGAAGC
3LR_B009_R,TATCTGCCTCTCGGGTTTgc
3LR_B010_F,atcatgcccttggaggaagc
3LR_B010_R,tagtcaaagccaggctctgc
3LR_B011_F,GCTTCTCATGgtcccttccc
3LR_B011_R,CTGTGGCCTTAGAGCAGACC
3LR_B012_F,aaccttgaaggatgggcagg
3LR_B012_R,ttAGCTTGTCACAGCCCTGG
3LR_B013_F,CACTCCCTGACCCTTGTTCC
3LR_B013_R,TCCCAAGGTCCATTTCTGGC
3LR_B014_F,aggccacagctcttttctcc
3LR_B014_R,cttggtgtggacagcctagg
3LR_B015_F,ATCCATTGGTGCTAGGGTGC
3LR_B015_R,CTGGACAAAGAGCTAGGGGC
3LR_B016_F,TTTTCCCGCCTTGACCtacc
3LR_B016_R,GGTTAAAGGTGGAGCTCCCC
3LR_B017_F,GCTGCTGCTCACAATCAAGG
3LR_B017_R,gtaagaccccattcctgccc
3LR_B018_F,AGCTGATCACTGGTTGGTGG
3LR_B018_R,GAGAACAGAAGGGTCCTGCC
3LR_B019_F,aggtaagagggaggctgagg
3LR_B019_R,tacaggagagtggcgattgc
3LR_B020_F,caaaATTTGacccctggccc
3LR_B020_R,caccagcccatgaaagttgc
3LR_IR001_F,GAGCATAGAAAGGAGCCCGG
3LR_IR001_R,CTGGGAATTACCACGACCCC
3LR_IR002_F,accttggttctacagcagcc
3LR_IR002_R,tcacactgaatcccacaggc
3LR_IR003_F,GCAGACAAAGAAGGGTGTGC
3LR_IR003_R,AGAATGGGCTCGCTATCTGC
3LR_IR004_F,gttccagttctggccctacc
3LR_IR004_R,GGCCGATGGATCTGTGTAGG
3LR_IR005_F,CAGTCATCCATGGATCCCCG
3LR_IR005_R,TTCCCCTTTTCCAGGTCTGC
3LR_IR006_F,tgctcctcagtgcaagaagg
3LR_IR006_R,tgaggattttggacagcccc
3LR_IR007_F,TACCCTCCTTCTCACCCTGG
3LR_IR007_R,GTCTGTGTGACAGTGGAGGG
3LR_IR008_F,gcacttcctgttcttgcagc
3LR_IR008_R,TAGTGAAAGTGGCAGCTGGG
3LR_IR009_F,TCTGTTTGCCAGACTTCCCC
3LR_IR009_R,CATAGCAAATGATGGGGCGC
3LR_IR010_F,TAAGCTTGGCACCAGAGAGC
3LR_IR010_R,ACAAGTGTCTGCTGGTCTGG
3LR_IR011_F,GCTGTTattgctgcctctgc
3LR_IR011_R,CAGTCCTGCTTCTCCAAGGG
3LR_IR012_F,TCCCTGGCACATCCAATTCC
3LR_IR012_R,ATACAATGGGTGGCTGGTGG
3LR_IR013_F,GTTCTCCACCTCAGTCACCG
3LR_IR013_R,GCCGTGAATCAGGTGTTTCG
3LR_IR014_F,tccagtgtcatgatcaccgc
3LR_IR014_R,GTTGCTGGACCTGGGTATCC
3LR_IR015_F,ttgccaaTCCCCATCTGTCC
3LR_IR015_R,CAGGACCACAAGTGTCCTCC
3LR_IR016_F,acattccaggcagaagaggc
3LR_IR016_R,CTCACCTTGTTCCCTGTCCC
3LR_IR017_F,atcccatctttgcctctcgc
3LR_IR017_R,tctcacagcagccaatgagg
3LR_IR018_F,agtgtcagagaTTGCACGGG
3LR_IR018_R,TGAGAAGCCATGTGAGCTGG
3LR_IR019_F,TCAGCTCTACCAGACCTCCC
3LR_IR019_R,gagagagcaagtccaacccc
3LR_IR020_F,AGAGTCGAGGGTAGAGTGGG
3LR_IR020_R,GCGTGACCAAAATGAGCAGG
CLR_O001_F,TGTCTGTGTCCAAAGCAGGG
CLR_O001_R,GTAGGGTGTtgagtgggagc
CLR_O002_F,gagagggacactgacttggc
CLR_O002_R,TGAATCGTCACTCAGTGGCC
CLR_O003_F,AGGGCTTTAAACCTGGAGGC
CLR_O003_R,TCACTCCTGTCAACACTGCC
CLR_O004_F,GCCCAGCAGCATTTCTTTCC
CLR_O004_R,gcacgtacacctgtagtccc
CLR_O005_F,GGTATGCCACGGTCTTCTCC
CLR_O005_R,AGAAGCAAGCTACACTCCcg
CLR_O006_F,tgccatggggagaatacagc
CLR_O006_R,aagaaatcctgatggccggg
CLR_O007_F,ACTGCCCACCCAAGAATAGC
CLR_O007_R,agcgattctcgtggcttacc
CLR_O008_F,ACACCAGGTGGATTGAAGCC
CLR_O008_R,ACTCCTCCCAAAGGCAATGG
CLR_O009_F,AAGAGGCTGGAGTTCACTGC
CLR_O009_R,ttggcTTTGCACACTGAAGC
CLR_O010_F,GTCCTAATGGCAGGCTCTGG
CLR_O010_R,TGTTTCTCACATCCTGCCCC
CLR_O011_F,gtaccggttgtaggggttgg
CLR_O011_R,TGCCAATCTCTCAGCTGAGC
CLR_O012_F,AAAGCAGAAAGGAGAGGCCC
CLR_O012_R,TCCCTATCCCTCTTCCTGGC
CLR_O013_F,ttccaggtgacaggtgatgc
CLR_O013_R,ggtgttccaaggctctgtcc
CLR_O014_F,ctcctgggctccaatcttcc
CLR_O014_R,AGCTGGTGTCATTCCTGAGC
CLR_O015_F,ccttatccccagcatgtggc
CLR_O015_R,ctagtccttccaacaggccg
CLR_O016_F,catgtgcccttttctgtgcc
CLR_O016_R,GCAGGATGTGGGGAAATTGC
CLR_O017_F,agatcttgacactgcgctcc
CLR_O017_R,AATACGATAGGTCTGCGGCG
CLR_O018_F,AAGGTTGGGGCCaatctacg
CLR_O018_R,TTCATGAACAGGGCCTCACG
CLR_O019_F,acagggtaaagaaggctgcc
CLR_O019_R,CAGTCAGAAGGAGCTGGTGG
CLR_O020_F,ctgcgaatacttcatggcgc
CLR_O020_R,cccatcagccacaaacatgc
CLR_O021_F,CCAAATGCATTCCACTGCCC
CLR_O021_R,aaattagtcagggtggcggg
CLR_O022_F,ctggactaaagggcagacgg
CLR_O022_R,tgtgctccaccaacatctcc
CLR_O023_F,ATGTCTGTGCCCAATCCAGG
CLR_O023_R,GACACCACCCTCAGTCATGG
CLR_O024_F,acagttgagagcagatggcc
CLR_O024_R,atgagcactgatggagctgc
CLR_O025_F,AAGGCAACGAGGAAGACTGG
CLR_O025_R,ATCCTTCGGTGGCTTTCAGG
CLR_O026_F,GTCATGGGCTAGAGACTGGC
CLR_O026_R,CAGAGCTGTGGTTGAGGAGG
CLR_O027_F,GGTAACACACAGCCTCCAGG
CLR_O027_R,AGAAATGGCAGCTCCTTCCC
CLR_O028_F,ACGCATATATCCTGCCTGGC
CLR_O028_R,TGGAAAGGTGCATCTGACCC
CLR_O029_F,cttcatgtgcaaactggggc
CLR_O029_R,ccaacagtgagcagggtagg
CLR_O030_F,AGTCAGTGGCATCTGCTTCC
CLR_O030_R,AGACTCCTTCACAGCATGGC
CLR_O031_F,tctggcaacacatgaggacg
CLR_O031_R,gattacaggcgaggaccacc
CLR_O032_F,atgttgtggcctctctgagc
CLR_O032_R,GTGGCTGCTCTTGACAAAGC
CLR_O033_F,ACACTGGGTGATGCTGATGG
CLR_O033_R,tggggaggatggTACTCTGG
CLR_O034_F,cccttaagaggcccacatgg
CLR_O034_R,AATgccaacggttttcacgg
CLR_O035_F,ACACGTGTGAGAACACCTCC
CLR_O035_R,AGCATTCCTGTCTGGTGAGC
CLR_O036_F,tgggccctgaataaaacccc
CLR_O036_R,TCAACTTCTAGGCAGGCAGC
CLR_O037_F,ggagtcccatttcctcctgc
CLR_O037_R,tcccatgtttgccagactgg
CLR_O038_F,AGGATCAGACTCTGGGGTCC
CLR_O038_R,tggactcaggcaatttcccc
CLR_O039_F,TGCCCTTGGATCTTCTCTGC
CLR_O039_R,gtcagtgagtcctgggttcg
CLR_O040_F,AAGGCTGGGTCATTGAAGGG
CLR_O040_R,CATAAAAGTACCACGCCGCG
CLR_O041_F,GAGAAGATTCCGCTCCTCCG
CLR_O041_R,ccatctccctccatcatgcc
CLR_O042_F,TCCAAAAGGGGACGTGAAGG
CLR_O042_R,ACTAGTTTCCACACAGCCCG
CLR_O043_F,tgaacagatcccagctctgc
CLR_O043_R,CCCAGTGGCATTCTAGCTCC
CLR_O044_F,AATTTCATGGGCCTCAGGGG
CLR_O044_R,tcacctaaGTAGGAGGCCCC
CLR_O045_F,ACTGGCTCCTCATCACATGC
CLR_O045_R,AGCAGAAGTCACTGGGATGC
CLR_O046_F,gaacgtgtgtgtgtgtgagc
CLR_O046_R,CTGGGCCCTAAGACACATGG
CLR_O047_F,acctgaatcgctgcttaggg
CLR_O047_R,ggcctctttgctgttttccc
CLR_O048_F,atgccattccccacagaagg
CLR_O048_R,atttgcagagacggatgggg
CLR_O049_F,atggttgaagtgaggcctgg
CLR_O049_R,tgatccatcccctctcctgg
CLR_O050_F,GGGATTGCAACATTCTGCGG
CLR_O050_R,TTCCCACTACCACCTTTGCG
CLR_O051_F,AGGAGAACAAAGGGGACAGC
CLR_O051_R,ttgctgctatcagtcagggc
CLR_O052_F,CTGTGACCATGACCCTGACC
CLR_O052_R,CAGGAACCTGGTTAGCAGGG
CLR_O053_F,agtagtgcaaccctggaagc
CLR_O053_R,gAGTCAGAAAGGTGGGTCGG
CLR_O054_F,taccacctgccctacctacc
CLR_O054_R,TTCCCGTGGAGAAAATGGGG
CLR_O055_F,TCTCCTCTCCATCAGGGTGG
CLR_O055_R,GACTGAAGCTAGCAGGACCC
CLR_O056_F,ctcccagtgtcaggcataGC
CLR_O056_R,AGGGCTGGACGACTACTAGG
CLR_O057_F,CTCAGTGTGAAGCCTCCTGG
CLR_O057_R,AGTGCCAATCAGCTAGCTGG
CLR_O058_F,AAGCTGCGTCTTCAGAGTCC
CLR_O058_R,TGGGATCCGGAACTTTCAGC
CLR_O059_F,GCCTCTTCCTTCTGGTGACC
CLR_O059_R,CTCCAGAAAAGGGCTGAGGG
CLR_O060_F,agagaggttaggagggcagg
CLR_O060_R,AAGGTCCATGCCTTCCTTGG
CLR_O061_F,TTCCCAGGGGAGATCTGTCC
CLR_O061_R,TGAAGGATCCCTTGTGTGGC
CLR_O062_F,gatcctgtggtctgatgggg
CLR_O062_R,tcacccagataccagagggg
CLR_O063_F,CTCTGACAGGGAAGTGCTCC
CLR_O063_R,agcagggattTAGCGTGACC
CLR_O064_F,ACAAACACTCCGTCGGTACC
CLR_O064_R,CAACCTAATGATTGCGcccg
CLR_O065_F,TTTCTAAAGACCCTCCCGCG
CLR_O065_R,GGGTGAGGGAGAGAAATGCC
CLR_O066_F,TCGAGAATGCTACGCAGTGG
CLR_O066_R,gaatcccttcctccacaccc
CLR_O067_F,ACCTATGTCCTGCTTGTGCC
CLR_O067_R,TCCTCAACTCTCCTCACCCC
CLR_O068_F,ttctggagggataagcaggg
CLR_O068_R,aATAGGAAAACAGgcccggg
CLR_O069_F,AGAGGGAGCAGATGGAGAGG
CLR_O069_R,TCATTAAACTCCGCCACCCC
CLR_O070_F,gaatctggacaccgctttgc
CLR_O070_R,TTGTCATCATCCACCCAGGC
CLR_O071_F,AGAAACTGCTCGGTGATGGG
CLR_O071_R,aggcaTACCCagtgaaaggc
CLR_O072_F,CCACAAGCCAGTCTCTAGCC
CLR_O072_R,CCCTCCATGAAGtctgctcc
CLR_DR001_F,GTTTCCTGTACCTGGGAGGC
CLR_DR001_R,ggtctgcagctcccTTTAGG
CLR_DR002_F,CACAGAAAGCACGTTGAGCC
CLR_DR002_R,TGCAATCAGACGGGCTTAGG
CLR_DR003_F,ACTCCACTTTCTGCAGAGGC
CLR_DR003_R,AGAGCTCAGGTAGGGACTGG
CLR_DR004_F,TTCTGCAGCTTGGATGGTCC
CLR_DR004_R,tcatagcttgctgtgtcccc
CLR_DR005_F,ACAGATTGTGTTGGGGACCC
CLR_DR005_R,ACAAAATGCGGTGAGTTGCC
CLR_DR006_F,AGGATGGGTACTCCTCCACC
CLR_DR006_R,GAGGATGCCATGagactggg
CLR_DR007_F,TGGGTTCCTGTTTTCCTGGC
CLR_DR007_R,ccacactctgggttctcacc
CLR_DR008_F,ACTTCCATGAAGCTCACCGG
CLR_DR008_R,ttggggaggaattcaagccg
CLR_DR009_F,TGTCTCCCCTCTTCCTGTCC
CLR_DR009_R,TGAGTGGAGAGGGGTGTAGG
CLR_DR010_F,CTGTGCACCTCCTCTTCTGG
CLR_DR010_R,agcTGTTCCCATAAGTGGCC
CLR_DR011_F,GACTAACCCCAGctctcagc
CLR_DR011_R,TTGACAACTACCCCTGTGCC
CLR_DR012_F,GTGCCTTCTCTCTACTCCGC
CLR_DR012_R,aggttccctctctccatccc
CLR_DR013_F,GGGGTCTTGAGGTTGGATCC
CLR_DR013_R,ACGGGCTGGGAAAATCAAGC
CLR_DR014_F,ACCCGCTCCTAACCATTTGG
CLR_DR014_R,tccaagctccagcacttagc
CLR_DR015_F,ccctgagggctacaaatggg
CLR_DR015_R,gtcttagcagcatcctcccc
CLR_DR016_F,GGTAAAGGGTTCCCTGAGCC
CLR_DR016_R,aaggagctgtgtgactgtgg
CLR_DR017_F,CCTGGGCCTGAGAAGTTACC
CLR_DR017_R,TGACTCCTCGgcatttgtgg
CLR_DR018_F,ACACAGGACAGATGAAGGCG
CLR_DR018_R,ACAGCTGAACCTACAAGGCC
CLR_DR019_F,cggggtttctcattgttggc
CLR_DR019_R,CCTTGTTGTAGGGAGCCAGG
CLR_DR020_F,GAGGCAACACAATGTCAGCG
CLR_DR020_R,TTTGCGAACACATGCACTGG
CLR_DR021_F,TCATTCCAAGTGCAgggtgg
CLR_DR021_R,ACAGGCCTGGCACATATTCC
CLR_DR022_F,TTGTCCCATTTGCTTTgcgg
CLR_DR022_R,ACGTCTCCCATCCATCTTGC
CLR_DR023_F,acaccttcccctctctctcc
CLR_DR023_R,atcagtgcactgcaacctcc
CLR_DR024_F,GACCTTCTGCTGACCCAAGG
CLR_DR024_R,tttattcgtgagggtggggc
CLR_DR025_F,TTCCATTCCAGGGTTGACgg
CLR_DR025_R,TACTCAGACCGTCCAGAGGG
CLR_DR026_F,GCCCAAATTGACCTGATGGC
CLR_DR026_R,CACCAGCCTTGACCTACAGG
CLR_DR027_F,ccttctccacgtgtccttcc
CLR_DR027_R,acaagggcagtgacacttcc
CLR_DR028_F,GCTCTCTCCTTGCCTTCAGG
CLR_DR028_R,tatgctgcagtaacgacccc
CLR_DR029_F,GTAGAGTCATGGCCTCGAGC
CLR_DR029_R,CACTGCGTACTCCACTCTCC
CLR_DR030_F,GGTCTCCGTAGTGTTCCTGC
CLR_DR030_R,gactgtgtgaggtcagaggc
CLR_DR031_F,gtggggacgaatggtgtagg
CLR_DR031_R,acaaccaccatctgacagcc
CLR_DR032_F,ACCATCCCTAAAGCAACCGG
CLR_DR032_R,GCAGGATGAGAGCTTGGAGG
CLR_DR033_F,GTCAGCTGCACAGTCTTTGC
CLR_DR033_R,GTATGTGTCCAtgtgcgtgc
CLR_DR034_F,ACCATTCAGGCAGAGTTGGG
CLR_DR034_R,Atgcagtacacggtggaagg
CLR_DR035_F,GAAGACAGTGAGGGGAAGCC
CLR_DR035_R,AACCCAAGAACTCCAGTGCC
CLR_DR036_F,CAGCAAAGGAAAGCAGCAGG
CLR_DR036_R,ACTGGGGTGCATTGAGTAGC
CLR_DR037_F,TGCAAGCTCTCTGCAGTACC
CLR_DR037_R,CTCCACCACCTTTCCTGACC
CLR_DR038_F,Ctgttgctgcctgattctgc
CLR_DR038_R,AACCAGTAACGAGCAGAGGC
CLR_DR039_F,CATGGTCCAACTGCTTGTGC
CLR_DR039_R,TAGGTTCCGGTGGTTGAAGC
CLR_DR040_F,ggatggtacgatgagctggg
CLR_DR040_R,tcacacatgcccagattccc
CLR_DR041_F,GGTACAGTCACAGTCAGGGC
CLR_DR041_R,cccaggttagagtgtgctgg
CLR_DR042_F,agacagagcccacattcacg
CLR_DR042_R,acccgtcaacgtcttcatcc
CLR_DR043_F,gctctgctgtacgctctagg
CLR_DR043_R,AGAGGCCAACTGTCAGAAGC
CLR_DR044_F,Gatcacccttcttggcctcc
CLR_DR044_R,agccatagcacccttttccc
CLR_DR045_F,ggttttgcaggctgttcagg
CLR_DR045_R,ttgttttgcaagggctgagc
CLR_DR046_F,AGGAAAACTGTCACGGACCG
CLR_DR046_R,TTTCTGTGGACACCTACGGC
CLR_DR047_F,ATGTGTGTGCTGGtgagagg
CLR_DR047_R,GCCTAGCCTTCCTGAGAAGC
CLR_DR048_F,TCTCTCCCAGCCTAGTGACC
CLR_DR048_R,ATTGCCACCTTCAGAGagcc
CLR_DR049_F,ACCAATGACCTGCATCTGCC
CLR_DR049_R,GAGCCAGAGTGAAGGTCTCC
CLR_DR050_F,ttatcctcctcccacccacc
CLR_DR050_R,ggcactgtgcttggatttgg
CLR_DR051_F,caTGCCAGGAGCTTGAatgc
CLR_DR051_R,GCCTTATTCAGAGAGGGGCC
CLR_DR052_F,ACGGGATGCCTTAACAGTCC
CLR_DR052_R,GGAAAACAGGCATTGCTGGG
CLR_DR053_F,GAAAGGGCAAGGCAAAGAGC
CLR_DR053_R,AGTGGATGCACAGGTGATCC
CLR_DR054_F,cacaGTCTGACCCTGAACCC
CLR_DR054_R,GAAATGGCTAACGTGTGGCC
CLR_DR055_F,ctccctgattcttcccgtgg
CLR_DR055_R,gggcagagataccttgaggc
CLR_DR056_F,acggAAGCAGAATCTCACCC
CLR_DR056_R,acactgccttcatcacaggg
CLR_DR057_F,GATGACACTTGGCACTTGGC
CLR_DR057_R,GTGAGAAAACAGCTTGGCGG
CLR_DR058_F,TCTCGCAGTTTCTGGTCACC
CLR_DR058_R,AGTCAGGCTGAAAGTGAGGC
CLR_DR059_F,CTGCTAGGACGTGGCTTAGG
CLR_DR059_R,ACATGATCGTCAGTGGCTGG
CLR_DR060_F,ACTCTGAGGGTGATGCTTGC
CLR_DR060_R,ATAGGGAGGGGATGAGCTGG
CLR_DR061_F,GCTACCACTTCTCCAGAGCG
CLR_DR061_R,GTGGTTCTCTGAGGGAAGCC
CLR_DR062_F,gctaagaatgggtggggtcc
CLR_DR062_R,tctgaaccaaaggacctgcc
CLR_DR063_F,GACCTCAGGGAAACACAGGG
CLR_DR063_R,AAGCTGGTATCcccaaaggc
CLR_DR064_F,TTAGACACGTGAAGGTGCCC
CLR_DR064_R,gacactaccgctagaccacg
CLR_DR065_F,cctaggccttcaaaccctgg
CLR_DR065_R,ctgaccccttcttccaaccc
CLR_DR066_F,AGCTCACCAAGGAAGAGTGC
CLR_DR066_R,TGTTGCCCCACTTCAGTACC
CLR_DR067_F,aagtgtgctctgatcccagc
CLR_DR067_R,CTTGGCCCTTCAGTGGTAGG
CLR_DR068_F,CATTGTCTCTCAGCCCTCCC
CLR_DR068_R,tgggcagctggaattacagg
CLR_DR069_F,AGCAGGAACTAAGCACGTGG
CLR_DR069_R,ACTTCAGAATCAGGCCAGCC
CLR_DR070_F,CAGGACCATGCTCCTTCTGG
CLR_DR070_R,GAGGCATCATCTCCCAGTGG
CLR_DR071_F,CATGTTGGGGAAAGGCATGC
CLR_DR071_R,gggaaggggtgaagtcaagg
CLR_DR072_F,AGTCACAGTTGCTCAGAGCC
CLR_DR072_R,ACCAGCATGAACACCAGAGG
CLR_DR073_F,TAAGAGTGGAGGAGGACCGG
CLR_DR073_R,ccattccactgacctggacc
CLR_DR074_F,TCTAGTCGCTTCATGACCGC
CLR_DR074_R,AGGAACTTGCTGAGCATCCC
CLR_DR075_F,tcattctggccatgctgagg
CLR_DR075_R,CATTCCCTCTACCACGCTCC
CLR_DR076_F,CCTGTTCCCTCTTGGTCACC
CLR_DR076_R,CAGTTCCCACCACctcttcc
CLR_DR077_F,GCTCAGCCTGATGGGTATCC
CLR_DR077_R,AACAGGACAAAATGCACGCC
CLR_DR078_F,CAGTTTGGGTACTGCATGCG
CLR_DR078_R,CAGGCTATGTGTGTCTGGGG
CLR_DR079_F,CCTAGGAGCTCTTCATCGCC
CLR_DR079_R,TGTAGTCATTGGCCTGCAGG
CLR_DR080_F,atcacagcatccccacaagg
CLR_DR080_R,tctcatcaaacggtgggtgg
CLR_B001_F,gtgatgaggctggatccacc
CLR_B001_R,agaaagggagggaaagtggc
CLR_B002_F,GAAGACATTGCCTCGTGTGC
CLR_B002_R,GGTGGTGATGGTGCTATCCC
CLR_B003_F,GCCTGCAAATTTTGTGGTGC
CLR_B003_R,tacatgtgtgaacctgcccc
CLR_B004_F,ccgagcaatagggtgagacc
CLR_B004_R,ctccagtcctcagtcatggc
CLR_B005_F,AGCATTCTAATCCCGGAGCG
CLR_B005_R,GTGACCAGGGACAGACATCC
CLR_B006_F,AAGGAAAGATGCCCCTGTGG
CLR_B006_R,TGCTAGGCAATCAGTGTGGG
CLR_B007_F,ATCAGGGAGGCTTTGATGGC
CLR_B007_R,gcttcttgcttcaCACAGGC
CLR_B008_F,GGGAACTGGTTCTGAGAGCC
CLR_B008_R,CTCTACTGcagggcttctcg
CLR_B009_F,ttttagcagatgcacggtgc
CLR_B009_R,atatgcagagctcccatgcc
CLR_B010_F,CACACCAAGCATGTCACTGC
CLR_B010_R,GTCCTCACTGAGAACCAGCC
CLR_B011_F,ttggacattcttccccaggc
CLR_B011_R,TCAggttgaatggtggctcc
CLR_B012_F,ATAACACACCCGACCACACC
CLR_B012_R,CCCGATGTGTAGGAAGAGGC
CLR_B013_F,GGAGAACACCTCTGTCCTGC
CLR_B013_R,AGCCAGGTTTCCTTCTCAGC
CLR_B014_F,ACAGAGAAGCTTCATGCCCC
CLR_B014_R,AGAAACAGAGCCACATCGGG
CLR_B015_F,AGGCCCGAAGTTAATTCCGG
CLR_B015_R,agaattgcagggccttctcc
CLR_B016_F,accacatgtacccaaacccc
CLR_B016_R,tggcagggtatgtttaggcg
CLR_B017_F,TGGGTTTGGCTTTCCTCAGG
CLR_B017_R,CCCACGAAAAGCTGTGTTGG
CLR_B018_F,acacactcctcccctactcc
CLR_B018_R,tgcatggcatttgtgtgtgg
CLR_B019_F,CTTTcattccctcccacccc
CLR_B019_R,CAAAAGTTACGGGTGCGTGG
CLR_B020_F,AGGACAATGGCcctttcagg
CLR_B020_R,CCCAGGAAACCACATTTGCG
CLR_IR001_F,AGTCTCAACACTCAGCCTGC
CLR_IR001_R,TGCCCATGATGCACAAAAGC
CLR_IR002_F,ctctgcttctgggcttctcc
CLR_IR002_R,TCTCTCTCCCAGGAGACAGC
CLR_IR003_F,agtggcatacagtggacagc
CLR_IR003_R,GAGGACAACTCCAGTGAGGC
CLR_IR004_F,tcactgcctatgacagctgc
CLR_IR004_R,aagttgcctcttgctagggg
CLR_IR005_F,ATGGTTGGTAAGTCTGGGCC
CLR_IR005_R,TATCCTCTGGCTCCATCCCC
CLR_IR006_F,ATGTTCAAGTCGGCCTCAGG
CLR_IR006_R,TTGAGGGCTGTGAGGAAACC
CLR_IR007_F,CCCCTACCACAGAAGCAAGG
CLR_IR007_R,AAGGTTCAGCAGTGTGTCCC
CLR_IR008_F,ATTCCCAGGAAAGGCAGAGC
CLR_IR008_R,TTGGGAGAACACTCGTGAGC
CLR_IR009_F,TGGGCCACTCTTATTGCAGG
CLR_IR009_R,tctggatcccggtacagagg
CLR_IR010_F,CCTTGAGGCTTGATCCTGGG
CLR_IR010_R,GCTGAGAAGGGCCTTACAGG
CLR_IR011_F,TTCTTGGCTTACGTCGTCCC
CLR_IR011_R,acctctcccctcctctttcc
CLR_IR012_F,actttcctaagggcacacgg
CLR_IR012_R,TAGGCAGCAGCAGGTTTACC
CLR_IR013_F,CTGGAGCTGGTGAGTTCTGG
CLR_IR013_R,TGAGCAAAGACTGAGTGGGC
CLR_IR014_F,TGCGGGAATGCCTAAGTACC
CLR_IR014_R,CTTGAGAGGCATCCCAGTGG
CLR_IR015_F,ctgtggagaagcaggacagg
CLR_IR015_R,AGCTGGGCAtgagtagatgc
CLR_IR016_F,AGGGCTTGAAATAGGGCAGG
CLR_IR016_R,ctggccctcttgtcttctgg
CLR_IR017_F,tgaactgagctcacagcagg
CLR_IR017_R,GACATTGCTTTGGATGGGGC
CLR_IR018_F,agcttgttctggtgtcaggg
CLR_IR018_R,TGGTCAATTTTGGAAGCGGC
CLR_IR019_F,GTTCCCTCTCTGCCTGTTCC
CLR_IR019_R,GCTGAAATGCCTGTCACTGC
CLR_IR020_F,TCTGAGGAAGTCCCAGGAGG
CLR_IR020_R,AGGCGGAGGTTGAAGAAAGG
CSR_O001_F,ATCTGCAGAACCTCATGCCC
CSR_O001_R,CAGAGTGATAGGCTGCAGGG
CSR_O002_F,cttgtagacgtccctgctgg
CSR_O002_R,cagtaaggacaggggcatgg
CSR_O003_F,ccacagccAGTTCTGTTTGC
CSR_O003_R,CTTGATCCAGTCTCCCAGCC
CSR_O004_F,GAACAGTGACCTCTGAGCCC
CSR_O004_R,gagcccaggaatctgagacg
CSR_O005_F,aattaggttgggctgggtgg
CSR_O005_R,atgagtccatgaagccctgg
CSR_O006_F,GGTTTGGGGAGATGGTCAGG
CSR_O006_R,TGCAGGAGCCTCTACTTTGC
CSR_O007_F,ACAGCTGCTCAGACATCTCG
CSR_O007_R,CTCAGCAGTTATCCCGTCCC
CSR_O008_F,ttctgctggatgctcttcgg
CSR_O008_R,gtggatgggcttctgctagg
CSR_O009_F,AGaggtgtgagcaacaaggc
CSR_O009_R,ATCAGTCGTGGCTCATGTCC
CSR_O010_F,TAGAGCCCACCAGATAGGGG
CSR_O010_R,actagctggttgtagtggcg
CSR_O011_F,TTGTGAGTTCCCCAAACCCC
CSR_O011_R,GGCAGAGCCCTTGAATTTGC
CSR_O012_F,TTCGGTGTACCAAGCAGACC
CSR_O012_R,CTTTGCAGCCATGATGCTCC
CSR_O013_F,CTGGTTCGCTTCCCTAGTGG
CSR_O013_R,atTGGGCAGTAGCAACCTCC
CSR_O014_F,TGTCTGCTGTCTCTTGCTGG
CSR_O014_R,ACCCAGAAAGATGCTCCTGC
CSR_O015_F,actgtgtgccaggaatagcc
CSR_O015_R,ACAAGCTGGTCCTATTGCCC
CSR_O016_F,TTCCAGCCAGTAACAACCCC
CSR_O016_R,GGGAGATACTGGCACTCACG
CSR_O017_F,acacttgtaactctcgcccg
CSR_O017_R,TCCTCCAAACTCTTCGTGGC
CSR_O018_F,AGCATGGTGGAGGTGATTGG
CSR_O018_R,GCCAAAGTTCAACCCCAACG
CSR_O019_F,ttgcatttctttggccTGCC
CSR_O019_R,aggcagcagatcacacaagg
CSR_O020_F,CTCTTCATTCCTCCTCCCGC
CSR_O020_R,TAGGCAGGGACAGCAAATGG
CSR_O021_F,atctgcaaggcctcacttcc
CSR_O021_R,agccacagagccaacatacc
CSR_O022_F,GAATGGACTGGTTTGCGAGC
CSR_O022_R,gtgcaacatcgactcactgc
CSR_O023_F,AGTGCAGTCAAAGGAGAGGC
CSR_O023_R,TCAAAGTCAGCTGGTCGTGG
CSR_O024_F,atccaggttgaggtggttgc
CSR_O024_R,cagtccaccatgtcctgagg
CSR_O025_F,tcgggtttcagcagatgtcc
CSR_O025_R,TTGCGTTCGTTCGTTGTTCC
CSR_O026_F,accccagggagtctacttcc
CSR_O026_R,GCGTCAATGACTTCCACTGC
CSR_O027_F,TGTTTCCTTGTAGGCGGACC
CSR_O027_R,taaagcaggcttccTTCGGG
CSR_O028_F,CAGCCCCATAAGAGCCTACG
CSR_O028_R,TTCAGGGTCCTAGGTCCTGG
CSR_O029_F,GCTCAGGGGTAGTTGCTACG
CSR_O029_R,gctacttgaagagggccagg
CSR_O030_F,GTCCTCAGGAAAGCGTCTCC
CSR_O030_R,AGCTCTTGTGACCAGGATGC
CSR_O031_F,GAGGGGCTGATGAAGTTGGG
CSR_O031_R,AGCCCCTCTGAATTGACACC
CSR_O032_F,GCTCAGGTTCTGCAGTTTGC
CSR_O032_R,CGAAAGCAGTCTGGGAGAGG
CSR_O033_F,atgtgtctgatcccgcatcc
CSR_O033_R,GTTTAGGAGGAGAGGCAGCC
CSR_O034_F,aaggccattggaactcaggg
CSR_O034_R,atgttgccctttgtgttggc
CSR_O035_F,AGCCTTTGGTcagtggttcc
CSR_O035_R,TGTCAAGGATGTtgggtggg
CSR_O036_F,GCTCAGCGTTCATTTGGTCC
CSR_O036_R,TGCAAAAGCCAAATCACGGG
CSR_O037_F,ATCTGACCCAGCAACAGTGG
CSR_O037_R,tgttgttctgtcctgtcggg
CSR_O038_F,TGAGTACCAGGAAAGCTGGC
CSR_O038_R,aaaggtctcactctgtggcc
CSR_O039_F,ATGGAGATTGGCCTGTCTGC
CSR_O039_R,CGAGGCAGTTGAGAGCTAGG
CSR_O040_F,ACAAAGGCTTTCCTCCCTGG
CSR_O040_R,aacagaggcttgagatgggc
CSR_O041_F,CCATGGTCATCCTCAGCTGG
CSR_O041_R,CTTGAGCCATGATCATGCGC
CSR_O042_F,ATTTTCCAGAGGCTCCAGGC
CSR_O042_R,GGAGAGACTAGTGCACAGGC
CSR_O043_F,ACGGCAGGACTGGTAAATGG
CSR_O043_R,GTCAGAACCAGCTGCAAAGC
CSR_O044_F,gttaaaactgcgaccctgcc
CSR_O044_R,TCCTGTGAGCTCATGCAAGG
CSR_O045_F,TTTTCCTCCCACTGAAGCCC
CSR_O045_R,GATTGTGaactggcagcagc
CSR_O046_F,ACACAAAGCAAGCATCTGCC
CSR_O046_R,TCAAACGAGGTTCTGTGGGG
CSR_O047_F,aggtgtttgagatgagccgg
CSR_O047_R,gctcaagtcatttgcctgcc
CSR_O048_F,TGCCTGGTAGAGAAGCATGC
CSR_O048_R,TGTCCTGTTATGGCAGCTCG
CSR_O049_F,GCAAGCCAGAAAGGTTCAGC
CSR_O049_R,agggtcccCATCCATAGTCC
CSR_O050_F,TGCACACTCAGTCTGAACCC
CSR_O050_R,cagactcacctgactcctgc
CSR_O051_F,ctaagcctgggtggtcaagg
CSR_O051_R,TTTCCTCATCCTTGGGTGCC
CSR_O052_F,TGGTCCATGGACATTCTGCC
CSR_O052_R,TGCAAACCCACTCTAAGCCC
CSR_O053_F,cgagttttgtacgcagtgcc
CSR_O053_R,ccaggcatgcaaagaagtgg
CSR_O054_F,cagtcttcaggctctggtgg
CSR_O054_R,ctacgggctgctgtaagacc
CSR_O055_F,CCTGACAGAGATCAGCCACG
CSR_O055_R,AGGGTTACTTGTGACAGCCG
CSR_O056_F,GGTGAACAGTCCAGACCAGG
CSR_O056_R,AGGAAGTTGGAGGATGCAGC
CSR_O057_F,gcactttgttctggaagccc
CSR_O057_R,GTGATGTGGgttctctgggg
CSR_O058_F,ccttcacttgtgcctttgcc
CSR_O058_R,agggcacatcaagactcagc
CSR_O059_F,GTGATGTTGTCTTGCCACGG
CSR_O059_R,gtggtagggtcacttgaggc
CSR_O060_F,AAATTGGTGCTTTGTGGGCC
CSR_O060_R,tggggtctttctgtcttgcc
CSR_O061_F,attctggtcttcccatggcc
CSR_O061_R,tgtgtgacgttctgggtagc
CSR_O062_F,AAGCCCTCATGGAAAGctgg
CSR_O062_R,CCCAACAGACAGCATCCTCC
CSR_O063_F,gttggttctcctctcctgcc
CSR_O063_R,GGAACCCAGTGTGACAGAGG
CSR_O064_F,caaatgcacacagtgtccgg
CSR_O064_R,gtagccactggtctctgtcg
CSR_O065_F,GGAGACTCTCCCTGACTTGC
CSR_O065_R,CAGTAGGAAGAGAGCCAGCC
CSR_O066_F,cattgtcagtgtgccaagcc
CSR_O066_R,CCCACTCCCACTCCAATTCC
CSR_O067_F,CTGCAGCATGTCTTTTGGGG
CSR_O067_R,CCTGCTCAAGatccactggg
CSR_O068_F,tccagagctccttcctctcc
CSR_O068_R,GAAGTGGTCCTTGGAGCTCC
CSR_O069_F,CTGTTGGGAGTATGAGGCCC
CSR_O069_R,GAGTCAGCCAAGAGGATCGG
CSR_O070_F,tgttgagcaggggactttgg
CSR_O070_R,ggggaacaAGATAGTGGGGC
CSR_O071_F,AGCCCAAAGAAGATCGTGGG
CSR_O071_R,TGACGACCTGAAAGTCCAGC
CSR_O072_F,acgctcttccactcttctgc
CSR_O072_R,caggacttcagcagactggg
CSR_DR001_F,AGGGGAAGGAAGCTCAAAgc
CSR_DR001_R,TGTGGGCTTGGGAATGATCC
CSR_DR002_F,AGAAAGGAAGCAGGTGCAGG
CSR_DR002_R,CTATCACACCTCCCTGTGGC
CSR_DR003_F,ctggggctctgagagtttgg
CSR_DR003_R,Atcccagttgcatccacagg
CSR_DR004_F,CGGGACAGACTCCAGAAAGG
CSR_DR004_R,AGCTGACCCTTTCTGTGTGG
CSR_DR005_F,attaaggacactggggtgcc
CSR_DR005_R,gactgaaggttctggtgggg
CSR_DR006_F,ATTGTGCAAAAGGCTGCTGG
CSR_DR006_R,GCCCCTGTAGTCTCCAAACC
CSR_DR007_F,GACCTACTGACACAGTGCCC
CSR_DR007_R,TTGCTCTGCAGTCCTCTTGG
CSR_DR008_F,tacattggtggtgagtgccc
CSR_DR008_R,CATGGTCTAGGCTGTAGCGG
CSR_DR009_F,GTCTTTCTCCTGCACTCCCC
CSR_DR009_R,TTTCCAGGCTTCCCCATTCC
CSR_DR010_F,ATAAGGGTTCCTTGGCCTGC
CSR_DR010_R,gtcagggaaggaactccacg
CSR_DR011_F,aaaacgctggttgttggacc
CSR_DR011_R,GCCACTGAAGAATCCCCTCC
CSR_DR012_F,GCTGCAGTTCTTTGGCTTCC
CSR_DR012_R,agtgggattctgcactgtgg
CSR_DR013_F,ATGCCCTTGTCTCTCTTGGC
CSR_DR013_R,ATGGGGAGCCTGGATTTTGG
CSR_DR014_F,AACCTGCCTGTTAGGATGGC
CSR_DR014_R,gcatcacacaAGATGACGGC
CSR_DR015_F,CATGTCTGAGTCCCCTGTCG
CSR_DR015_R,GAAATGAGCCTGCCATCTGC
CSR_DR016_F,ACAGCATTTTCAGCAGCagc
CSR_DR016_R,TGCTTAAGTTTGCTGCTGCC
CSR_DR017_F,tcacttgaacccacgagtcg
CSR_DR017_R,ggcacatacagcaaatgggg
CSR_DR018_F,tcggaagtgtccagaatgcc
CSR_DR018_R,TTCATGTAAGCCCAGCCTGG
CSR_DR019_F,ATCACTGCTAGGttgggtgc
CSR_DR019_R,GTGGGACAAGATGGGTGAGG
CSR_DR020_F,atggtcttgcaaaacACGGC
CSR_DR020_R,tgatggagggtgagaggtcc
CSR_DR021_F,ACTGATtctgactgggcacg
CSR_DR021_R,AGTCTTGGCTTCCAACTGGG
CSR_DR022_F,TTGTGAACTGGCACTGAGGG
CSR_DR022_R,gcctcgagccttctcatagg
CSR_DR023_F,AGACAGCAGAGGAAACTGGC
CSR_DR023_R,TCCTCTGCTGTCTGTTGTGC
CSR_DR024_F,TCCCTATGACCActgggagg
CSR_DR024_R,GCGCTTATGCATGTGACTGG
CSR_DR025_F,ttggagagaggggagaaggg
CSR_DR025_R,CCGGCTCTTCAGTCTCTTCC
CSR_DR026_F,ATTTCActctgctgcctccc
CSR_DR026_R,TCTGGAATGCTGCAGGAAGG
CSR_DR027_F,cccttagaatctggctggcc
CSR_DR027_R,CCTCCATTCTGCCATCCTCC
CSR_DR028_F,gcctagagggagcttttggg
CSR_DR028_R,CTCTCGTCCATTCTCCTCGC
CSR_DR029_F,CTCTGGCCTCGGTGTATTCC
CSR_DR029_R,cattgaacagcggtggaagc
CSR_DR030_F,CTTTAGCCCCAGGTGACAGG
CSR_DR030_R,CAGAGGAAGACCCCACAACC
CSR_DR031_F,CGCAGTGCTGTTAACTTGGG
CSR_DR031_R,AGGACTTCTTGCCATGCTCC
CSR_DR032_F,CTGCCACTCTCTCTTCCAGC
CSR_DR032_R,cgaacctccctgtgttctgg
CSR_DR033_F,GTGCCCTCTGACAGAGATGG
CSR_DR033_R,TCCCTTTTGCTGACTGGTGG
CSR_DR034_F,acctgcaaaactcacctccc
CSR_DR034_R,TCCAGGGCCTATGAATGTGC
CSR_DR035_F,CTAATCCTCCAAGGGCCACC
CSR_DR035_R,AAAGCACTCTCATGGTCCCG
CSR_DR036_F,ctcacgagccctctgaaagg
CSR_DR036_R,AGCAATCCTAGCACAACCCC
CSR_DR037_F,TGAGCTAGGAGGAGTCACCC
CSR_DR037_R,acctcaagccatctgactgc
CSR_DR038_F,AAGAGTagagggaggctggg
CSR_DR038_R,AGGCTCACAGTGGTTGATGG
CSR_DR039_F,tctgtgatCAGGAAAGCCGG
CSR_DR039_R,CTAAACGGGAGTGCCTCAGG
CSR_DR040_F,AGGTTTCCCTTGCTCAGAGC
CSR_DR040_R,ACGGGTGTCACGTAGTTTCC
CSR_DR041_F,TAGCTGGGCTAGGAGCTAGG
CSR_DR041_R,CTAGCCCAGCTACATGAGGC
CSR_DR042_F,tggattaaggtgggttgggc
CSR_DR042_R,CAAAATTGGCCATGGTGGGg
CSR_DR043_F,cttctgtgcCTGGAGGAAGG
CSR_DR043_R,ACAAGCGGCTCCATAGAACC
CSR_DR044_F,AGGGAAAGTTACGGTTGCCC
CSR_DR044_R,Gcacctttctccttccctcc
CSR_DR045_F,CAACCATTGTTCCCCAAGCG
CSR_DR045_R,TGCCACTCTCCTCGTTTTCC
CSR_DR046_F,CACTCAGAGTGGGATGCAGG
CSR_DR046_R,ACAAACTGGGGAAGAAGGCC
CSR_DR047_F,gtggctgggtctcttcatcc
CSR_DR047_R,aacggctctaatacgccagg
CSR_DR048_F,TTCAGGCGTCATCTGACACC
CSR_DR048_R,cccctactggcttgtcaagg
CSR_DR049_F,TCTGTCGCTGGGCATTATCC
CSR_DR049_R,CTGATCCTCTGCTACctgcg
CSR_DR050_F,TTGCCTCCACTTAAGCAGGG
CSR_DR050_R,agaGCCTGTGGTTTTAGCCC
CSR_DR051_F,tagccacattagccacctgc
CSR_DR051_R,AGcctggctctgtcttttcc
CSR_DR052_F,gtacgagctgagccagaagg
CSR_DR052_R,agagggatggagcctgtagg
CSR_DR053_F,ATGAGCAGTGACTTCAGGGC
CSR_DR053_R,AAACGGGAACACGCTCTAGG
CSR_DR054_F,GAGGGAGGACTGCACTTTCC
CSR_DR054_R,cttgtctccgtgtacctggg
CSR_DR055_F,TGTGTCTTGACCTCTGCACC
CSR_DR055_R,ttgaatgccagctcctcagg
CSR_DR056_F,GGTTCAGTTCAGGGGTCAGG
CSR_DR056_R,GTCGGCCACTGTGATCTAGG
CSR_DR057_F,GCACACGAGGGGATATCTGG
CSR_DR057_R,atgtacagaagagcctggcg
CSR_DR058_F,aaaagcCCCAACTCTAGCCC
CSR_DR058_R,GAGGGGTGGAATTGGCTACC
CSR_DR059_F,ctgcccagttttgcctttcc
CSR_DR059_R,ctgaagtgatctcggctccc
CSR_DR060_F,CTTGGTTGGCTCAGGAGAGG
CSR_DR060_R,GAGTGTGGGGTGAACTCTGG
CSR_DR061_F,GGCCAGAGTCAGGGAATTCC
CSR_DR061_R,CAGGTGTACGTCTGAGCAGG
CSR_DR062_F,CAACTCCATCCACCAGGTCC
CSR_DR062_R,TTGGGGACAGGAGGAAAAGC
CSR_DR063_F,atcgttgtggttcctggtgg
CSR_DR063_R,tggcaggctgattacactgg
CSR_DR064_F,cacaggaaaagggagggacg
CSR_DR064_R,AAGAAGGCCTCCAATGAGCC
CSR_DR065_F,GCATCCTCAAAGGCCATTGC
CSR_DR065_R,CACTTCTCTCCAAGCCTGGG
CSR_DR066_F,TCTTctcctttcacgtgccc
CSR_DR066_R,atcacaagctcaggggttcg
CSR_DR067_F,AAAGTTTCTGTCCCCAGCCC
CSR_DR067_R,TGAAGGCAGACAGAGCAAGG
CSR_DR068_F,cctggggttgtgattctccc
CSR_DR068_R,AAGCgaaaggtcagggaagg
CSR_DR069_F,CTTTCCTCGCCAAACACTGC
CSR_DR069_R,GGGACCAAGGCATAGAGAGC
CSR_DR070_F,tctcctgataccagcctccc
CSR_DR070_R,tgagctgggagaggagatcc
CSR_DR071_F,tgtggaagtagcctgatgcc
CSR_DR071_R,aaaccagaaagtgcctcccc
CSR_DR072_F,GTCCATCACACCCACTGAGG
CSR_DR072_R,GAGAGATTTATGCGTGCGCG
CSR_DR073_F,GATCCCACTTCTAGCCCAGC
CSR_DR073_R,atgcctcgtcacatgtctcc
CSR_DR074_F,agaagCGTGAAGACAGAGGC
CSR_DR074_R,tgttctacgtcacacagccc
CSR_DR075_F,ACCCCTGGACATTCGTTTCC
CSR_DR075_R,CTGCGCTTCCATCAATCAGC
CSR_DR076_F,AACTTCCATGCATCCCCTCG
CSR_DR076_R,GAAAACTGGGTGGCCAAACC
CSR_DR077_F,Gatcacccttcttggcctcc
CSR_DR077_R,agccatagcacccttttccc
CSR_DR078_F,AGTGTTGCCCTTCAAGACCC
CSR_DR078_R,GGAGCTGTTCTGTTCTCCCC
CSR_DR079_F,TGAGGAACCTCTAGCCCTCC
CSR_DR079_R,gcCTTGCCTCTCTCATCTCC
CSR_DR080_F,ggatgtggacaactggaggg
CSR_DR080_R,ctgcagtccttaagggagcc
CSR_B001_F,ctgcctctgctactcactcg
CSR_B001_R,atccacgctgtctacactgc
CSR_B002_F,AACTGTAGGATGCTGGTGGC
CSR_B002_R,GGTGTCTGGTGGAGAAGAGC
CSR_B003_F,AGGAATGCCAAAGGGTCTGG
CSR_B003_R,TAGAGGGTGGATGAGGTGGG
CSR_B004_F,GACTTGCCGAAACACACACC
CSR_B004_R,CATGATCACGAGAGGAGGCC
CSR_B005_F,TGAAGCAGCTATGTGGGAGC
CSR_B005_R,CCACACAAAAGACAGCTGCC
CSR_B006_F,CAGGAAAACAAAGCTGGGGC
CSR_B006_R,TACGAGCAGGCAAGAAAGGG
CSR_B007_F,GTCCTGAGTAGCACTGCAGG
CSR_B007_R,tagccaggcatgactttggg
CSR_B008_F,CTCTGAAGGTCTCCACGAGC
CSR_B008_R,ttctccaggagggtatgggg
CSR_B009_F,GTAGCTCCACACCATAGCGG
CSR_B009_R,aaaacggaggctcatggagg
CSR_B010_F,AGCCAAACTTCACAGGGACC
CSR_B010_R,CATGGAGGACAGGCAAGAGG
CSR_B011_F,ggtgggagaattgctttggc
CSR_B011_R,ctcataggccgcagatcagg
CSR_B012_F,TGCTTTTATTGCCTGCAGCC
CSR_B012_R,ACCTTTTCTGAGGCCTTCCG
CSR_B013_F,tgaagacctgcctgttcagc
CSR_B013_R,cagtgccatcacacaaaggc
CSR_B014_F,cactgtcgGAACTGACTCCC
CSR_B014_R,CAGCCTGTCACACACATTGc
CSR_B015_F,GTCTCTGTGTGTGACTGGGG
CSR_B015_R,CCCCTCTGGCTTCCTTTAGC
CSR_B016_F,TTGGTCCCTAAGGTTAGCGC
CSR_B016_R,TTAGGGACCAATGGTGCTCG
CSR_B017_F,agcagagccgggatttaacc
CSR_B017_R,ttcctctcctcagtCCTCCG
CSR_B018_F,AGAGGAGGTTTGTAAGGCGC
CSR_B018_R,GCAAACGCACATAAGGGTCC
CSR_B019_F,TCTGGTAGGTGAGAGGTGGG
CSR_B019_R,Caactttccccttccctccc
CSR_B020_F,CTCTTCTTGGGACAGCTGGg
CSR_B020_R,GCCTCACTGTCTTGTACCCC
CSR_IR001_F,ACCCAGCTGATCTTCACTGC
CSR_IR001_R,CAGCAGGAGGAAGTGGAAGG
CSR_IR002_F,TGTCTGTGATGCTCTGCAGG
CSR_IR002_R,aaagacctccctggcaaagg
CSR_IR003_F,tgatttctcccgacagcacc
CSR_IR003_R,CTCTCCTTCCTTGCACCAGG
CSR_IR004_F,ACTGTATCACCCTCCCCTGG
CSR_IR004_R,aacccaagcagcctgtatcc
CSR_IR005_F,TGAACACCATCCCAGCATCC
CSR_IR005_R,tgaacttgccAGTGTCCTCC
CSR_IR006_F,GGTGGAGGGAATACTGACGC
CSR_IR006_R,GTTTCATGGCAAGGTGGTGC
CSR_IR007_F,ttacctgctgcgaagtgagg
CSR_IR007_R,AAAGTCCAGAGAGACGTGCG
CSR_IR008_F,GTCTCTTCAACAAACGCCCG
CSR_IR008_R,TACTGcagtgcttctcagcc
CSR_IR009_F,TAGGACCTTCTCGTCACCCC
CSR_IR009_R,TGGTTCTTTCTGGGGTGACG
CSR_IR010_F,taagcaaagggtctggctgg
CSR_IR010_R,AACTATGCACAGGACCCAGC
CSR_IR011_F,GTTTCGTCTCTACCCCTGGC
CSR_IR011_R,AAGATGGAGGCTTTGACCCG
CSR_IR012_F,GACAGCAGCAAGGAAAAGCC
CSR_IR012_R,CATGAAGCTTTTCCGTGCCC
CSR_IR013_F,GTGGCAGGGAAGCTGATAGG
CSR_IR013_R,AGACACTTTGGCTGAGACGG
CSR_IR014_F,AAAACACGCAATCACCCAGC
CSR_IR014_R,ACTTTCCAGGAGTGCAGACG
CSR_IR015_F,CTACGACGTCACCATCCAGG
CSR_IR015_R,TGACGTCGTAGTTTCTGCCC
CSR_IR016_F,acccggccTCATTCTTTTGG
CSR_IR016_R,atagaagagtacccggcagc
CSR_IR017_F,caaagcagggcccattttcc
CSR_IR017_R,gaccatgtggaTCCATCCCC
CSR_IR018_F,tcccttccccagaggttagg
CSR_IR018_R,TATCCAGCAGTTGCCCTTGG
CSR_IR019_F,tgttctgaaaccaggagggc
CSR_IR019_R,atctcctccctcccattccc
CSR_IR020_F,ACTTGCTGTGGCCTCATAGG
CSR_IR020_R,AGTGGACACTCTCCTCTTCC
MMC_O001_F,cagctgggactaaaggctcg
MMC_O001_R,ctctttgtacctgggacccc
MMC_O002_F,GCCAGACTATCGAGGTGAGc
MMC_O002_R,GATGGGGAGCAAGGATGAGG
MMC_O003_F,aatgtcagttagggctgccc
MMC_O003_R,CCCAGGCACTAAGGACTAGC
MMC_O004_F,GAGGGTCTGAACACACCTGG
MMC_O004_R,tgtcctccttcctctgaccc
MMC_O005_F,aggccgtaatttacccaccc
MMC_O005_R,ACCATTCATCCACCTGCTGG
MMC_O006_F,TTTTGCTTCGGGCTTTCTGC
MMC_O006_R,GTCATCCCACAACAAACGGC
MMC_O007_F,CTCCTTTGACCACTCCACCC
MMC_O007_R,GACGAGTGGGGAATTCTGGG
MMC_O008_F,ccgtcaatcaacaagcctgc
MMC_O008_R,agacctccagctttccttgc
MMC_O009_F,CCAAACCTCCAAATCTGCGG
MMC_O009_R,gcccaagagaagcacaaagc
MMC_O010_F,ACAGCAACAACGAACAAGCC
MMC_O010_R,TAACTCCTTCGAACCCGTGC
MMC_O011_F,ggtaacacccatgtccctgg
MMC_O011_R,AGTTCATTGCCAGGGTAGCC
MMC_O012_F,GGTGTAGCCTTCGGATAGCC
MMC_O012_R,TGCACAAGTCTCCCCTTTCC
MMC_O013_F,ATGTAAGAGCAGCTCGGAGC
MMC_O013_R,AGAACCAGCTTCTGACTCGC
MMC_O014_F,tGTAAAGCACTGGCATTGCG
MMC_O014_R,GTGACAGGCCCACTTCTACC
MMC_O015_F,ACACTATTtaggacgggcgc
MMC_O015_R,GCAGGGAGTTGTGTAGACCC
MMC_O016_F,GCTGAGATCCAGATCCAGGC
MMC_O016_R,TTAGCTCCGAATGGCTTCCC
MMC_O017_F,GCTGGTCTCAACTTTGCTGC
MMC_O017_R,aacccctgAtttaggtggcg
MMC_O018_F,ACAGGGAggtgaaggagagg
MMC_O018_R,AGGTTTGCCACTTCATCTTGC
MMC_O019_F,AGGCCTTCAAACTCTGCTGG
MMC_O019_R,GAAATGGCAGGAGGAAAGGC
MMC_O020_F,TGTGATGGTGAGGACACTGC
MMC_O020_R,ATCTTGGTGCATTCCTGGGG
MMC_O021_F,ACTTCTCAGCTGTTCAGGGC
MMC_O021_R,CCAGGGGTTTCCTTCAGACC
MMC_O022_F,CCAGTTTGCAGTGCAGTTCC
MMC_O022_R,GATCAAGGCAGGTAGGTGGG
MMC_O023_F,cttgggaggtggaagacagg
MMC_O023_R,GTGGTGTGGAAAACATGGGC
MMC_O024_F,cagcaaaccaaaccaccacg
MMC_O024_R,ACAAGCACCCACTTCTCTCC
MMC_O025_F,atgagaaaccagaggagccg
MMC_O025_R,aatcacacctcccactgtgg
MMC_O026_F,TGAAATGGGGTTTCCTGGGC
MMC_O026_R,TGGAGCTTGAGGAACACTGC
MMC_O027_F,cagcatgcaaggagcttACC
MMC_O027_R,CAATCAATGGagtgtgggcc
MMC_O028_F,GCATGGGCACTGATGAAACC
MMC_O028_R,ACTGCCAGTGACTTGACAGG
MMC_O029_F,TTGTGGAGGGATTCACTGGC
MMC_O029_R,ccctcaccccatgTTGATCC
MMC_O030_F,TCACGCCAATAGGAAGACCG
MMC_O030_R,GTTCCCAAGCTAGCGTTTGC
MMC_O031_F,TTTGGTCACAGGTCTACCGC
MMC_O031_R,ACTGTGCTCCTGAACTTGGG
MMC_O032_F,CTGTGAGCCTCAAGTCAGGG
MMC_O032_R,CACCCTTGTCCTACCTGTGG
MMC_O033_F,TTCCCTCTGTGCACAGTAGC
MMC_O033_R,GACGAGAGATGTGCCCAAGG
MMC_O034_F,CAGAGGTCTCAGCTTCTGCC
MMC_O034_R,atggctccacctggatttgg
MMC_O035_F,CTGTAGCAGCCACTGAGACC
MMC_O035_R,TAGTGGCTCCAAGTGGAAGC
MMC_O036_F,ACAGATGCCTCAGTGACTGC
MMC_O036_R,GAGGTgggctctttccttcc
MMC_O037_F,CAAGAGTGGGTTTTGCTGCC
MMC_O037_R,tgggcctccatctgttttcc
MMC_O038_F,caggcaccaagtctctaggc
MMC_O038_R,gtcatgagttgtgggagggg
MMC_O039_F,GGGAAGAGGGTTTCCTGTGG
MMC_O039_R,CATCGGACAGAGACTGGAGC
MMC_O040_F,AAGAGTGGAACCAAGGCAGG
MMC_O040_R,TCAGACTTGTTCCTGCAGGC
MMC_O041_F,CACCTATGCTGGCCATTTGC
MMC_O041_R,TTGACTGAAGTGGAGCTCCG
MMC_O042_F,gtccatggaccacccttagc
MMC_O042_R,ATTGGAGGAAGGCGGAAACC
MMC_O043_F,TCTTGTCCACCCAATGCTGG
MMC_O043_R,agcatgagtctggttgtggg
MMC_O044_F,CCCTCCCACTGTTTCCATGG
MMC_O044_R,AGTAACCAGTTCCCAAGCGC
MMC_O045_F,AAGCCATTACTCAGTGGGGC
MMC_O045_R,TGTGTCTCCCATCAAAGCCC
MMC_O046_F,CCTCCGACATCCATCCAAGG
MMC_O046_R,gcctaccctccaatgtgacc
MMC_O047_F,gagcgattctccctcactgg
MMC_O047_R,aaaagggaagaccagctggg
MMC_O048_F,gacagacaagcctccttccc
MMC_O048_R,CTCATCTCTGTCGcctgtcc
MMC_O049_F,ACCTGGTTTCCAAGACGTCC
MMC_O049_R,cacggatgtgcaatgttcgg
MMC_O050_F,ACATTCAGGGACAGAGCAGC
MMC_O050_R,TGTCGGATCTGCTTGAACCC
MMC_O051_F,ATCCCAAGCTGGAGTTGAGC
MMC_O051_R,GTCCCTCAGTCCCTTTCAGC
MMC_O052_F,agcacctcaaagatcctgcc
MMC_O052_R,tccaactatatgacactcttgaggg
MMC_O053_F,GAAGGCTGATACTGGGACCC
MMC_O053_R,attggcagagtcatgctccc
MMC_O054_F,GCCCCAGTTACAAAGCTTGC
MMC_O054_R,TCCAGTAGCATGGGTTTGCC
MMC_O055_F,CTGAGATCCAACCTGAGGGC
MMC_O055_R,taggtatgcaggttgccacc
MMC_O056_F,TCCGTCTGTTTCCCTGAAGC
MMC_O056_R,agccattgactgtgaccagg
MMC_O057_F,TACACACTGTCCCTCCCTCC
MMC_O057_R,gtcttgcactatcctccggg
MMC_O058_F,aaacttgggtctggaagccc
MMC_O058_R,cacctcatcctcatcctggc
MMC_O059_F,GGACCAGAACCAGTTACCCC
MMC_O059_R,agttgaggctcaatcccagc
MMC_O060_F,acctgcctctgatttcagcc
MMC_O060_R,GACAGAGCCACAGATTCCCC
MMC_O061_F,aagctgagtcaggcagatcg
MMC_O061_R,TTGTTGCTTCAATGCTGGCC
MMC_O062_F,cctgcttccctctctttccc
MMC_O062_R,cgttcaaggcaaccctaaacc
MMC_O063_F,AGGGTCGACGGAGAAGTAGG
MMC_O063_R,ATCAACTCACCCACCTTCCC
MMC_O064_F,CTCTCCCTTCCACCTTCAGC
MMC_O064_R,aagattgggcttggggatgg
MMC_O065_F,TACAGGTTTGGGGAAGACGC
MMC_O065_R,CCCTTGATCCCTTCTGCAGG
MMC_O066_F,atttcccggaagctggtagc
MMC_O066_R,tcctggtggaagaacacagc
MMC_O067_F,GCAATGGAATCACGTGGAGC
MMC_O067_R,GGAGGCTTTTGACCCTCTCC
MMC_O068_F,ctgagagctctggaaaccgg
MMC_O068_R,tcccagcaataagtgaggcc
MMC_O069_F,ACTGCCCAGTGTAGTGTTGG
MMC_O069_R,CAGTCAGCCTACCTTCGAGG
MMC_O070_F,TCACTCAGCATTCACACCCC
MMC_O070_R,ACGAGCTGTGTCTTCTCTGC
MMC_O071_F,tgtgaggcaatcatgggacc
MMC_O071_R,attcagctggaagaggaccc
MMC_O072_F,agacatattccggcagtggc
MMC_O072_R,gacccttggacttggtctgg
MMC_DR001_F,tcctcatgattagttagagctgagg
MMC_DR001_R,gtctgggactgttgatgggc
MMC_DR002_F,GTGTGTCTTCACCGTTTGCC
MMC_DR002_R,TTCGTAAGGAACTGGGTGCC
MMC_DR003_F,CTGAGCCTTCTGGGAAGTGG
MMC_DR003_R,gctgctaaatgctcttgccc
MMC_DR004_F,GTTTCTTGAGCCTCCTCCCC
MMC_DR004_R,AGGGTCAGTTTCTTCCTGCG
MMC_DR005_F,caactggccgtgaaacaagg
MMC_DR005_R,GGCAAGGCATCACTTTCTGC
MMC_DR006_F,CCCATGGCAGACAAATGTGC
MMC_DR006_R,ctatgagttgccctgggtcc
MMC_DR007_F,catgtaggatagggcctgcc
MMC_DR007_R,aacaaaacggctgagcatgg
MMC_DR008_F,CTCTCCACCATGCTCAGTCC
MMC_DR008_R,gagagacaggcatggatggg
MMC_DR009_F,TGTCGCAAAGCTCTTTTGGC
MMC_DR009_R,AAGACTGCTgcctgtcatcc
MMC_DR010_F,ACGCGTCATTAGAGCATGGG
MMC_DR010_R,CACAATGAAGCCGTTCAGCC
MMC_DR011_F,ACATGCCAGGTTAGGTGACC
MMC_DR011_R,TCCTGCACAGCTGTAATCCC
MMC_DR012_F,CGTGACTGGAAAGCCtctcc
MMC_DR012_R,ctcacagttcgagaggctgg
MMC_DR013_F,AGAATCTTCACAGGcgaggc
MMC_DR013_R,GACTCAAGCCCAGAGGAACC
MMC_DR014_F,gaggacacgtggattgaccc
MMC_DR014_R,ctcatctcccgatcaagccc
MMC_DR015_F,CATGAGAAGGAGGGAGtaggg
MMC_DR015_R,AAGAGTGTAagtggctgggc
MMC_DR016_F,AGCTGTTCAGCCATCTGTcc
MMC_DR016_R,ACGGTCAGCTCTAACTTGCC
MMC_DR017_F,TTAGCTGTGGCCATTCTGGG
MMC_DR017_R,cgcaggttctagggattcgg
MMC_DR018_F,tggttctgaagcccatgtcc
MMC_DR018_R,GCTCAAGGTGCACTTCAAGC
MMC_DR019_F,AAAcctggctgtcaagtccc
MMC_DR019_R,ccaattggcatgcactctcc
MMC_DR020_F,CTGCTGCTAGAGTATGGCCC
MMC_DR020_R,AACGGTCTCTAGTTTGGCCC
MMC_DR021_F,AAAGGTGGATGGGCAGTAGC
MMC_DR021_R,tataaaggcgggcatggtgg
MMC_DR022_F,gagaagaccaaggtcccagc
MMC_DR022_R,tctgtgtggtgctcttgagg
MMC_DR023_F,cggctgtgtgtgtgttatgc
MMC_DR023_R,AAATCTGCATGTCCCCTCCC
MMC_DR024_F,ACAGAGGAAGCCTTGGTTGG
MMC_DR024_R,CTTGAGGGCTGGGAAGATCC
MMC_DR025_F,gagggcagacttccatgacc
MMC_DR025_R,ACTGTCTGAGTCACCAGTGC
MMC_DR026_F,gaaaagggcaACAGCAGAGC
MMC_DR026_R,agatgaggagcagagcaagc
MMC_DR027_F,TCTACAGCGCAAAAGGCTCC
MMC_DR027_R,tgaggcacgttttgtttggc
MMC_DR028_F,GAATTGGACCCTCCCAGTGG
MMC_DR028_R,GGCCTCAAATTGTGCCAAGG
MMC_DR029_F,tgaggCCCCAGATCATTTGG
MMC_DR029_R,atatggcagaaggggtgagC
MMC_DR030_F,ATTACAGCACCAGAGTGGGC
MMC_DR030_R,acccaggactctagaccacc
MMC_DR031_F,CCCATTGCTGAGACTCTGGG
MMC_DR031_R,CCTCCCCAGAGCATTTCTCC
MMC_DR032_F,cccatggttgccaaaatggg
MMC_DR032_R,GCTTCCCTGCCATTGTTTCC
MMC_DR033_F,AAGGAGCAGATGGATGTGGC
MMC_DR033_R,AATCGAGGTCTGAGCAGTGC
MMC_DR034_F,agagccctttcatgacctgc
MMC_DR034_R,TTTCAGAGTCCCCACAGTGC
MMC_DR035_F,tatgttacctgcacggctcc
MMC_DR035_R,TAGAGACCGGGCCTCTTACC
MMC_DR036_F,tttgctggcacaaattgggg
MMC_DR036_R,cgggattgacgatctcctgg
MMC_DR037_F,agtgcagtgggctgatatcg
MMC_DR037_R,CAAGCTCCCCTCAGAACAGG
MMC_DR038_F,ATGTTTGTGggcagagtggg
MMC_DR038_R,TGGTGTCTCATCCCAAGTGC
MMC_DR039_F,AAACGCTCTGGTAAGACGGG
MMC_DR039_R,taaaagccccatcctccagc
MMC_DR040_F,atgaaaacacaaaccgcccg
MMC_DR040_R,ggggaaggaaaacaggaggg
MMC_DR041_F,TTATGGCCACCCTCTCTTGC
MMC_DR041_R,agttcaagtcagcctcctgc
MMC_DR042_F,ACGATTGTAGGTGCTTGGGG
MMC_DR042_R,TCCCAGATACCTCCACTCGG
MMC_DR043_F,cttgtttggctgctgtgacc
MMC_DR043_R,cgattctctcccacctcagc
MMC_DR044_F,ACTGTGCctatctggaagcc
MMC_DR044_R,ttcgtgacctcgtgatctgc
MMC_DR045_F,TGGGACCCTCAGATGAGTGG
MMC_DR045_R,CTGATTGCAGGGCCAAATGG
MMC_DR046_F,GACGTGAAAAGGGTGTGTGC
MMC_DR046_R,TCTgggaagaagtctgctgc
MMC_DR047_F,acttttcGCTGAAGGGAGGG
MMC_DR047_R,GTCGCCAGGGTGGTAATACC
MMC_DR048_F,TGAAACCGGGAGTTCTGAGC
MMC_DR048_R,CCCTTCAGTGTTCTCCAGGC
MMC_DR049_F,AGAAGTCTTGGAGGCAACGG
MMC_DR049_R,TGAGTTGACCCTGGTGATGC
MMC_DR050_F,ATGGCAGGGACTAATGCACC
MMC_DR050_R,tgtctgagcttgatgcaggg
MMC_DR051_F,AAAGTGGGGAAAACTGTGCC
MMC_DR051_R,gaaaactgtccaGCCTCTTCC
MMC_DR052_F,TTGGTGTATGGCACTTCCGG
MMC_DR052_R,GATGGACCCTCACAGACACG
MMC_DR053_F,TGACATTGTCACCCGTAGCC
MMC_DR053_R,AGGGGCTGGAGAATGAATGC
MMC_DR054_F,tttctgatgtgacagggccc
MMC_DR054_R,cattccctggctagtggtcc
MMC_DR055_F,AGAAGCTGAACAGAGCCACC
MMC_DR055_R,attgcctgagtcatctgccc
MMC_DR056_F,tcttgcgacttcccgaatgg
MMC_DR056_R,ctcaacttgatcccgtgggg
MMC_DR057_F,AGCTTGCAGAGAAGAGCAGG
MMC_DR057_R,GATTTTGGTGCAGGATGGGC
MMC_DR058_F,GCTGTCTTAATGCTGGACGC
MMC_DR058_R,AGATGGAACTTGACCCAGGC
MMC_DR059_F,caggctttgagaggtcctgG
MMC_DR059_R,CCTGTTTGGATCCTGGGTCC
MMC_DR060_F,AACCTGTTGAAGAGAGGGCG
MMC_DR060_R,atctgcctgtccttgtctgc
MMC_DR061_F,GGGGTTCTGAAGTTCCCAGG
MMC_DR061_R,AGATAAGCCCCTCTCCTGGG
MMC_DR062_F,ggatatgagtcatgggccgg
MMC_DR062_R,CAGGTGGAAGAGTCTGCTGG
MMC_DR063_F,TTACGGCTGTTGTGAGACCC
MMC_DR063_R,agccttgtagcagttggagc
MMC_DR064_F,tcctctcctctccactctGC
MMC_DR064_R,ACAACCCCGGAATCAGATCG
MMC_DR065_F,TGGTTCCATCAGCTGTAGCC
MMC_DR065_R,CAATGGTGCAGAGAGAGGGG
MMC_DR066_F,ggtgaccgttgcacaatagc
MMC_DR066_R,acttgcccaggaacacTAGC
MMC_DR067_F,ACTGCCATCCCAACAGAAGG
MMC_DR067_R,AGATAAGAGCCCCAGGGAGG
MMC_DR068_F,CTCTTCGAGGCGTTCAGTCC
MMC_DR068_R,caaaccccttcccatcctcc
MMC_DR069_F,AGATCCTTCCAGCAACCAGC
MMC_DR069_R,CCACATCATCAGcctggagg
MMC_DR070_F,tcaccgaagtcttgaacccc
MMC_DR070_R,aggacagcttgactcttctgc
MMC_DR071_F,ACAAGCTCTCTGTGGTCAGC
MMC_DR071_R,acctcagatcacaccactgc
MMC_DR072_F,ATCAAAGTCCATGGCAGGGG
MMC_DR072_R,TGGTTCAGAAGGGGCTATGC
MMC_DR073_F,ttttggtcaggggacagagc
MMC_DR073_R,TCATCACCTGCAAAATCAagcc
MMC_DR074_F,ccaaatgcccctgagaatgc
MMC_DR074_R,AGTCTTAGGCCCTTTCCTGC
MMC_DR075_F,ACGAAGAGTGAGGCTTCTGC
MMC_DR075_R,GGAGACAGGTTAACGGAGGC
MMC_DR076_F,atcagcctttagccacctgg
MMC_DR076_R,atgctcccaatatcgcaggg
MMC_DR077_F,agccgtgatcactcttctgc
MMC_DR077_R,TCCCAGCTGACATAAAGCCC
MMC_DR078_F,AAAACAAAGGCAGCAGACGG
MMC_DR078_R,TTGGGCTGCTTTTAGGGAGG
MMC_DR079_F,ATTGCCTTCCTCTCCTTGGC
MMC_DR079_R,gccATGAATGCTTCCAGTCG
MMC_DR080_F,acagcccctgtgatatgagg
MMC_DR080_R,cggagggaggagatgatattacc
MMC_B001_F,ATGTGGCCACAAAAGCATGC
MMC_B001_R,CACACTTCACGCTGTTGACC
MMC_B002_F,TGAATGAGCACACTCCACCC
MMC_B002_R,CATGCCCTTTCGTGACATCC
MMC_B003_F,GTACTTGGGGTAGACAGGCG
MMC_B003_R,CTGTGTCTGacctgccttcc
MMC_B004_F,tttgtgagagCCAGGTTGGG
MMC_B004_R,aggcaCAGACGACATCATGG
MMC_B005_F,cagttgccatgtgaccaagc
MMC_B005_R,agacccctgtaccctttagc
MMC_B006_F,CACAGTTCAATGGCTTGGGC
MMC_B006_R,GGGTAGGAAACACTGGCTCC
MMC_B007_F,gggaccaaaattaatccaagctcc
MMC_B007_R,ggagggcagctgaagttagg
MMC_B008_F,agagagagggaaagtgctgc
MMC_B008_R,gctcctacatctccttccgc
MMC_B009_F,GGAAGGAAGTGAGGGTGTGG
MMC_B009_R,AGTCTTGAAGCTCCAGTGGC
MMC_B010_F,TCAGAATGAACCGGAACCCG
MMC_B010_R,ATGTGGCTGAAGAGAAGGGC
MMC_B011_F,gtctgtggactgaagggagc
MMC_B011_R,gcaagtgatggaaccgaagc
MMC_B012_F,AGGGGATGTTTCCTTCGTGC
MMC_B012_R,TTCCTCAATGACTGGGTGCC
MMC_B013_F,AGGGCCTACTCATCTCTCCC
MMC_B013_R,cttctgcccacATAGTTGCC
MMC_B014_F,CTCTTCCCTGCCTGATCACC
MMC_B014_R,AAGGGCAAATTGGAAAGCGG
MMC_B015_F,tcatcagaaaccgtcctggc
MMC_B015_R,AAGTCGTGCTTTCCTCAGGG
MMC_B016_F,ctgcagatttcagcagcagc
MMC_B016_R,gagcaaacccactggaatgg
MMC_B017_F,CTTCTTGGAGGCAGAGGAGC
MMC_B017_R,CCCCAATTGAAGCAAAGGGC
MMC_B018_F,GGCTCATACATCGTCCCTGG
MMC_B018_R,TCTGCAGGTCTCCTCTGAGG
MMC_B019_F,TCTGACCAAAGGAGCAAGAGG
MMC_B019_R,GTTTGCTTCAGAGGTGCTGG
MMC_B020_F,AGCCAGCCTTTCTTCCATCC
MMC_B020_R,ACTAATGAGGCAACGGAGGC
MMC_IR001_F,TGTACTGCCTCTGCCAAAGG
MMC_IR001_R,TTGTGGACAGGTTGCATCCC
MMC_IR002_F,GCAGCCTAGTGAGACGATCC
MMC_IR002_R,TCACTCAGTTCCCCATTGCC
MMC_IR003_F,AAGTCAGTCATGGCTCCAGC
MMC_IR003_R,tggagacttgcaagtggtcc
MMC_IR004_F,ttgaggaagaggaggagggg
MMC_IR004_R,TGCAGGTGATGGGGTAAAGG
MMC_IR005_F,CACACACAACCTCAAGCACG
MMC_IR005_R,TGAGGTTTGAGCTGTAGCCG
MMC_IR006_F,CTGAGGGCCAGATCTTCAGG
MMC_IR006_R,AAATGAACCCAGGGAGGAGC
MMC_IR007_F,tgagatcggactgcacaacc
MMC_IR007_R,taggtcatgtcatggcagcc
MMC_IR008_F,TGGGAATctggagagggagg
MMC_IR008_R,ctctgccctctctgtcatgc
MMC_IR009_F,ACTTAGCTGGGTTCTTGGCC
MMC_IR009_R,CTGTCTATCGCCATCCCACC
MMC_IR010_F,TCCTGACTCACCAAACAGCC
MMC_IR010_R,aagttatccaccagcctcgc
MMC_IR011_F,AGTGTTCATGGGGCTGTAGC
MMC_IR011_R,ACAACCTTCCCTCAAACCCC
MMC_IR012_F,agacctgagctttGCCTTCC
MMC_IR012_R,TTGACACAGGAGAACGGAGC
MMC_IR013_F,AAAAGGCCTCTGCAGGTAGC
MMC_IR013_R,tggcacacgactgatgacc
MMC_IR014_F,TCCGGCCAATTCATCTTCCC
MMC_IR014_R,ttgcagaacctctggtgacc
MMC_IR015_F,ATCTGCTAGGTGTCACAGCG
MMC_IR015_R,TGAGTACGGACTTCACTGCC
MMC_IR016_F,CTGCCTCAGAAGGTCACTGG
MMC_IR016_R,AGCAGGGGAGAAAAGAGTGC
MMC_IR017_F,ccaccctccctttatctgcc
MMC_IR017_R,TATTGTGTGGCAGCTGGACC
MMC_IR018_F,tcTCCCCAATCCCAACAAGC
MMC_IR018_R,TCCATTCCCTCTTTGGTGCG
MMC_IR019_F,ATGACCAGTGGCTGCTTACC
MMC_IR019_R,TGGCCGTGAGACCTTAAACC
MMC_IR020_F,GGGTCAGGGTTACTCGAAGC
MMC_IR020_R,gatgctgcgaatgtgaaggg
